{
    "destinations": [
        {
            "name": "devLogging",
            "enabled": true,
            "config": {},
        }, {
            "name": "metricsDestination",
            "enabled": true,
            "config": {
                "events": [
                    {
                        "destination": "CoreAnalytics",
                        "includeProperties": [
                            "className",
                            "activityType",
                            "excludeLiveness",
                            "excludeLocation",
                            "excludeCaption",
                            "excludeAccessibilityDescription",
                            "preparationOutcome",
                            "sendAsOriginals",
                            "signpostDuration",
                            "time_additionalProcessing",
                            "time_assetExportPreflight",
                            "time_bundling",
                            "time_downloading",
                            "time_generatingDeferredResources",
                            "time_preflight",
                            "time_retrievingFromDisk",
                            "time_total",
                            "cpa_error_code",
                            "cpa_error_domain",
                            "cpa_media_type",
                            "cpa_media_subType",
                            "cpa_media_adjusted",
                            "cpa_media_age",
                            "cpa_media_cameraType",
                            "cpa_media_count",
                            "cpa_media_duration",
                            "cpa_media_favorite",
                            "cpa_media_importSource",
                            "cpa_media_orientation",
                            "cpa_media_sceneType",
                            "cpa_media_subject",
                            "cpa_media_libraryType",
                            "cpa_media_syndicationState",
                            "cpa_media_hasSyndicationIdentifier",
                            "cpa_common_dayOfWeek",
                            "cpa_common_deviceFreeSpace",
                            "cpa_common_deviceModel",
                            "cpa_common_hourOfDay",
                            "cpa_common_osVersion",
                            "cpa_common_librarySizeRange",
                            "cpa_common_processName",
                            "cpa_common_icpl_enabled",
                            "cpa_common_icpl_exceedingQuota",
                            "cpa_common_icpl_lowDiskSpace",
                            "cpa_common_icpl_veryLowDiskSpace",
                            "cpa_common_icpl_hasChangesToProcess",
                            "cpa_common_appSection",
                            "cpa_common_currentScreen",
                            "cpa_common_priorScreen",
                            "cpa_common_numScreensViewed",
                            "cpa_demographic_userGender",
                            "cpa_demographic_userAgeRange",
                        ],
                        "sourceEventMatchCriteria" : {
                            "key": "com.apple.photos.CPAnalytics.assetExportItemPreparationCompleted",
                        },
                    },
                ],
            },
        }, {
            "name": "signpost",
            "enabled": true,
            "config": {},
        }, {
            "name": "appState",
            "enabled": true,
            "config": {
                "counters": [
                ],
                "trackViews": [
                    "IPXFeedViewController",
                ],
                "ignoreViews": [
                ],
                "maxPriorViews": 10,
                "appEvents": [
                    "com.apple.photos.CPAnalytics.sharedAlbumsActivityFeedPostLiked",
                    "com.apple.photos.CPAnalytics.sharedAlbumsActivityFeedPostUnliked",
                    "com.apple.photos.CPAnalytics.places.locationAction",
                ],
            },
        }, {
            "name": "interval",
            "enabled": true,
            "config": {
                "trackIntervals": [
                ],
                "ignoreIntervals": [
                ],
            },
        }, {
            "name": "log",
            "enabled": true,
            "config": {
                "logEvents": [
                    {
                        "label": "App event",
                        "shouldLogEventName": true,
                        "properties": {
                            "cpa_isAppEvent": true,
                        },
                    }, {
                        "label": "View did appear",
                        "eventPropertiesToLog": [
                            "className",
                        ],
                        "key": "com.apple.photos.CPAnalytics.viewDidAppear",
                        "properties": {
                            "cpa_isTrackedScreenView": true,
                        },
                    },
                ],
            },
        }
    ],
}
